Datetime,System Name,Alert Type,Further Details
14/12/2024 01:07,System_A,OK,N/A
10/12/2024 13:15,System_A,OK,N/A
11/12/2024 11:51,System_D,Error,Disk usage exceeded 90%
11/12/2024 20:51,System_C,OK,N/A
10/12/2024 13:31,System_B,OK,N/A
10/12/2024 10:59,System_D,OK,N/A
12/12/2024 05:47,System_C,Warning,N/A
11/12/2024 17:13,System_D,Warning,N/A
15/12/2024 10:41,System_A,OK,N/A
10/12/2024 21:43,System_D,OK,N/A
09/12/2024 21:31,System_D,OK,N/A
16/12/2024 03:32,System_C,Warning,N/A
13/12/2024 14:55,System_A,OK,N/A
12/12/2024 14:12,System_C,Warning,N/A
13/12/2024 03:58,System_A,Warning,N/A
13/12/2024 10:44,System_C,Error,Disk usage exceeded 90%
14/12/2024 03:49,System_D,Warning,N/A
13/12/2024 18:53,System_D,OK,N/A
14/12/2024 03:13,System_C,Error,Memory usage high
14/12/2024 08:33,System_B,OK,N/A
16/12/2024 09:29,System_A,OK,N/A
10/12/2024 19:51,System_D,Warning,N/A
15/12/2024 14:08,System_B,Warning,N/A
14/12/2024 20:14,System_D,OK,N/A
12/12/2024 09:59,System_B,OK,N/A
10/12/2024 16:39,System_A,Warning,N/A
13/12/2024 17:04,System_C,OK,N/A
11/12/2024 05:05,System_C,Warning,N/A
14/12/2024 05:48,System_B,Warning,N/A
14/12/2024 22:12,System_C,OK,N/A
15/12/2024 05:43,System_C,OK,N/A
15/12/2024 08:13,System_D,OK,N/A
10/12/2024 17:46,System_D,Warning,N/A
12/12/2024 03:40,System_B,OK,N/A
16/12/2024 10:31,System_C,OK,N/A
10/12/2024 14:50,System_C,OK,N/A
10/12/2024 08:50,System_A,OK,N/A
13/12/2024 16:56,System_B,OK,N/A
16/12/2024 08:55,System_D,OK,N/A
12/12/2024 05:52,System_C,OK,N/A
11/12/2024 21:54,System_A,OK,N/A
15/12/2024 07:35,System_C,Error,Disk usage exceeded 90%
15/12/2024 20:05,System_B,OK,N/A
12/12/2024 19:05,System_C,Warning,N/A
14/12/2024 13:32,System_A,Warning,N/A
12/12/2024 01:01,System_C,Error,Network latency
13/12/2024 11:55,System_B,OK,N/A
11/12/2024 06:19,System_D,OK,N/A
12/12/2024 05:11,System_C,OK,N/A
14/12/2024 15:36,System_B,OK,N/A
08/12/2024 05:11,System_C,Error,Nothing found to process
07/12/2024 15:36,System_B,OK,N/A
14/12/2024 13:32,System_A,Error,Counts not matching with database
18/12/2024 08:13,System_E,Error,Files not found on SFTP 
